,Interaction Type,Percentage
0,Routed Calls,66.38270461010478
1,Routed Chats,18.40880955980642
2,Routed Texts,15.133640796730369
